id,question,answer
1,What is the typical daily ATM withdrawal limit at many U.S. banks?,"Many banks set daily ATM withdrawal limits in the range of $300 to over $1,000 for standard checking accounts."
2,What is the reported daily ATM withdrawal limit for Bank of America?,"About $1,000 (or 60 bills) in many cases."
3,What is the daily ATM withdrawal limit for Capital One checking accounts?,"Up to $5,000 for some accounts."
4,What is the daily debit‑card purchase limit at Citibank according to one source?,"Between $5,000 and $10,000 for debit card purchases on some accounts."
5,What is the minimum deposit required to open a personal checking account at U.S. Bank?,The minimum opening deposit is $25 for many personal checking accounts.
6,How many overdraft paid fees per day does U.S. Bank cap for consumer checking accounts?,"They cap at three Overdraft Paid Fees per day, no matter how many items posted."
7,What is the monthly maintenance fee waiver threshold for U.S. Bank’s “Bank Smartly® Checking”?,"Maintain an average balance of $1,500 or combined monthly direct deposits of $1,500 to waive the fee."
8,What is a common single‑transaction withdrawal limit for many banks via ATM?,"Often $500 to $2,500 per single ATM withdrawal."
9,What kind of monthly maintenance fee is charged on U.S. Bank “Bank Smartly Checking” if waiver criteria aren’t met?,$12 monthly maintenance fee.
10,"For U.S. Bank, when is an overdraft fee not assessed?","If the available balance at end of day is $50.00 or less negative, then no fee is assessed."
11,What is a frequently cited upper bound for daily ATM cash withdrawal limits across U.S. banks?,"Up to $5,000 per day in some cases."
12,How can a customer at U.S. Bank view their daily ATM/purchase limits?,"In online banking or mobile app under account services, transaction limits."
13,What is the guidance on changing your debit card daily limit at U.S. Bank?,"Customers can edit via online banking or mobile app, within allowed range."
14,"If a new account is opened at U.S. Bank, when are card limits automatically determined?","During the first year the account is open, card limits are automatically determined as a security measure."
15,What monthly fee waiver requirement does Bank of America’s savings account require?,Maintain a minimum daily balance of $500 or more to waive the fee.
16,What’s the standard APR or APY field?,APY = Annual Percentage Yield (for deposits); APR = Annual Percentage Rate (for borrowing).
17,What is the range of daily debit card purchase limits at some banks?,"At Citibank: $5,000–$10,000 daily debit card purchase limit."
18,What is a typical daily debit purchase limit at PNC Bank?,"Between $2,000 and $5,000 for debit card purchases."
19,What’s the typical minimum deposit to open a standard U.S. Bank personal checking account?,$25 minimum opening deposit.
20,What are typical ATM withdrawal limits for new account holders at U.S. Bank?,"Anecdotally, some new accounts have ATM limits of $500."
21,How many ATM transaction fee‑free non‑U.S. Bank ATM transactions per statement period?,First four non‑U.S. Bank ATM transaction fees waived per statement period.
22,What is the maintenance fee waiver monthly direct‑deposit threshold for U.S. Bank’s Bank Smartly Checking?,"Direct deposits totaling $1,500 or more per month."
23,What is the minimum negative balance threshold below which U.S. Bank does not assess an overdraft fee?,$50 or less negative balance triggers no fee.
24,What is the widely cited typical starting ATM withdrawal limit for standard accounts?,Approximately $300 per day.
25,"For U.S. Bank, what method is used for checking transaction limits for accounts?",Online banking or mobile app → Account Services → Transaction limits.
26,What is the standard APY table placeholder in Bank of America’s savings account page?,It lists account balances and “Standard APY”; numeric APY varies over time.
27,What action should a customer take if they need to withdraw more than the daily ATM limit?,They may go to a branch teller or request a temporary limit increase.
28,What is an example of a daily ATM withdrawal limit for the largest banks?,"Up to $5,000 per day in rare cases."
29,What is the requirement to open a savings account at U.S. Bank?,A minimum deposit of $25 is required.
30,What is the policy about fee‑charged ATM usage at U.S. Bank?,"First four non‑U.S. Bank ATM fees waived; beyond that, standard fees apply."
31,What is the typical limit conversation range for daily ATM withdrawals across U.S. banks?,"From around $300 up to approximately $10,000 depending on account type."
32,"For U.S. Bank, where can one check and manage debit card limits?",In mobile app: Main menu → Help & Services → Manage debit card limits.
33,What is the cap on overdraft fees per day at U.S. Bank consumer checking accounts?,Maximum of 3 overdraft paid fees per day.
34,What is the waiver condition for the monthly checking account maintenance fee at U.S. Bank (other than balance)?,"Qualify with $1,500+ monthly direct deposits, debit usage tiers, or a credit card relationship."
35,What is the minimum opening deposit for U.S. Bank personal checking per their pricing document?,$25 minimum deposit.
36,What is the typical procedure if you want to withdraw more cash than your ATM limit allows?,Visit a branch or call for a temporary limit increase.
37,What is a normal upper-range for debit card purchase limits for some banks?,"Upwards of $10,000 per day depending on account type."
38,What is the typical lower‑end ATM withdrawal limit for basic accounts?,Around $300 per day.
39,What is the approximate ATM withdrawal limit for student accounts?,Often near $300/day or less.
40,What is the typical first number of free non‑bank ATM withdrawals per month for U.S. Bank?,First 4 non‑U.S. Bank ATM transactions per statement period are fee‑waived.
41,What is the required deposit or direct‑deposit volume to waive U.S. Bank’s checking fee?,"Direct deposits totaling at least $1,500 per month."
42,What is the range of daily ATM and debit card purchase limits at major banks?,"ATM $300‑$5,000; Debit card $2,000‑$10,000+."
43,What is a typical minimum negative balance threshold for fee waiver on overdrafts at U.S. Bank?,$50 or less negative balance triggers no overdraft fee.
44,What is the minimum deposit to open many checking accounts at U.S. Bank?,$25 minimum deposit.
45,What is one of the highest reported daily ATM withdrawal limits among U.S. banks?,"Up to $10,000+ in some premium accounts."
46,What is the typical ATM withdrawal limit for standard Chase accounts?,"Range around $500–$3,000 per day."
47,What is the requirement to raise your debit card purchase limit at U.S. Bank?,Use the mobile app or online banking; must remain within bank’s allowed range.
48,What is the monthly maintenance fee for U.S. Bank’s Bank Smartly Checking if waiver criteria aren’t met?,$12 per month.
49,What is the standard account opening deposit requirement for U.S. Bank checking?,$25 minimum deposit.
50,What is the maximum number of overdraft paid‑fee charges per day at U.S. Bank checking?,Three per day.
